email,password,validEmail,subStatus,numOfReport,blockedAccounts,numOfEmailRequest,name,gender,age,height,programOfStudy,hobby,selfIntro,interestedIn
a@mail.utoronto.ca,helloToEmma,false,false,0,,0,a,FEMALE,18,164.0,Computer Science,FOOD," Hello, This is a ",MALE
b@hotmail.com,david.david,false,false,0,,0,b,MALE,18,174.0,Computer Science,FOOD,"Hello, This is b ",FEMALE
c@mail.utoronto.ca,helloToEmma,false,false,0,,0,c,MALE,18,164.0,Computer Science,FOOD," Hello, This is c ",FEMALE
d@hotmail.com,david.david,false,false,0,,0,d,MALE,18,174.0,Computer Science,GAMES,"Hello, This is d ",FEMALE
e@mail.utoronto.ca,helloToEmma,false,false,0,,0,e,MALE,18,164.0,Statistics,FOOD," Hello, This is e ",FEMALE
f@hotmail.com,david.david,false,false,0,,0,f,MALE,18,174.0,Statistics,GAMES,"Hello, This is f ",FEMALE
g@mail.utoronto.ca,helloToEmma,false,false,0,,0,g,FEMALE,18,164.0,Computer Science,FOOD," Hello, This is g ",MALE
h@hotmail.com,david.david,false,false,0,,0,h,MALE,18,174.0,Statistics,FOOD,"Hello, This is h ",MALE
i@hotmail.com,david.david,false,false,0,,0,i,FEMALE,18,174.0,Computer Science,GAMES,"Hello, This is i ",MALE
j@mail.utoronto.ca,helloToEmma,false,false,0,,0,j,FEMALE,18,164.0,Computer Science,FOOD," Hello, This is j ",FEMALE
